start,end,username,deviceid,Enter_date_and_time_of_discovery,Recorded_by,Edited_date_and_time,Edited_by,Record_your_current_location,_Record_your_current_location_latitude,_Record_your_current_location_longitude,_Record_your_current_location_altitude,_Record_your_current_location_precision,Site_name,Description,What_did_you_find/site,What_did_you_find/mound,What_did_you_find/petroglyph,What_did_you_find/groundstone,What_did_you_find/chipped_stone,What_did_you_find/ceramic,What_did_you_find/flora,What_did_you_find/fauna,What_did_you_find/other,group_ve9cv03/Landowner,group_ve9cv03/group_qn6ym49[1]/Other_items_present_or_absent/ceramic,group_ve9cv03/group_qn6ym49[1]/Other_items_present_or_absent/mortar,group_ve9cv03/group_qn6ym49[1]/Other_items_present_or_absent/mound,group_ve9cv03/group_qn6ym49[1]/Other_items_present_or_absent/obsidian,group_ve9cv03/group_qn6ym49[1]/Other_items_present_or_absent/petroglyph,group_ve9cv03/group_qn6ym49[1]/Other_items_present_or_absent/statue,group_ve9cv03/group_qn6ym49[1]/Other_items_present_or_absent/pathway,group_ve9cv03/group_qn6ym49[1]/Other_items_present_or_absent/bedrock_outcrop,group_ve9cv03/group_qn6ym49[1]/Other_items_present_or_absent/groundstone,group_ve9cv03/group_qn6ym49[1]/Other_items_present_or_absent/chipped_stone,group_ve9cv03/group_qn6ym49[1]/Other_items_present_or_absent/terrace,group_ve9cv03/group_qn6ym49[1]/Description_of_the_a_itional_item_present,group_ve9cv03/group_qn6ym49[1]/Other_items_present_or_absent/loose_stones,group_ve9cv03/group_qn6ym49[1]/Other_items_present_or_absent/wall,group_ve9cv03/group_qn6ym49[2]/Other_items_present_or_absent/ceramic,group_ve9cv03/group_qn6ym49[2]/Other_items_present_or_absent/mortar,group_ve9cv03/group_qn6ym49[2]/Other_items_present_or_absent/mound,group_ve9cv03/group_qn6ym49[2]/Other_items_present_or_absent/obsidian,group_ve9cv03/group_qn6ym49[2]/Other_items_present_or_absent/petroglyph,group_ve9cv03/group_qn6ym49[2]/Other_items_present_or_absent/statue,group_ve9cv03/group_qn6ym49[2]/Other_items_present_or_absent/pathway,group_ve9cv03/group_qn6ym49[2]/Other_items_present_or_absent/bedrock_outcrop,group_ve9cv03/group_qn6ym49[2]/Other_items_present_or_absent/groundstone,group_ve9cv03/group_qn6ym49[2]/Other_items_present_or_absent/chipped_stone,group_ve9cv03/group_qn6ym49[2]/Other_items_present_or_absent/terrace,group_ve9cv03/group_qn6ym49[2]/Description_of_the_a_itional_item_present,group_ve9cv03/group_qn6ym49[2]/Other_items_present_or_absent/loose_stones,group_ve9cv03/group_qn6ym49[2]/Other_items_present_or_absent/wall,group_ve9cv03/group_qn6ym49[3]/Other_items_present_or_absent/ceramic,group_ve9cv03/group_qn6ym49[3]/Other_items_present_or_absent/mortar,group_ve9cv03/group_qn6ym49[3]/Other_items_present_or_absent/mound,group_ve9cv03/group_qn6ym49[3]/Other_items_present_or_absent/obsidian,group_ve9cv03/group_qn6ym49[3]/Other_items_present_or_absent/petroglyph,group_ve9cv03/group_qn6ym49[3]/Other_items_present_or_absent/statue,group_ve9cv03/group_qn6ym49[3]/Other_items_present_or_absent/pathway,group_ve9cv03/group_qn6ym49[3]/Other_items_present_or_absent/bedrock_outcrop,group_ve9cv03/group_qn6ym49[3]/Other_items_present_or_absent/groundstone,group_ve9cv03/group_qn6ym49[3]/Other_items_present_or_absent/chipped_stone,group_ve9cv03/group_qn6ym49[3]/Other_items_present_or_absent/terrace,group_ve9cv03/group_qn6ym49[3]/Description_of_the_a_itional_item_present,group_ve9cv03/group_qn6ym49[3]/Other_items_present_or_absent/loose_stones,group_ve9cv03/group_qn6ym49[3]/Other_items_present_or_absent/wall,group_ve9cv03/group_qn6ym49[4]/Other_items_present_or_absent/ceramic,group_ve9cv03/group_qn6ym49[4]/Other_items_present_or_absent/mortar,group_ve9cv03/group_qn6ym49[4]/Other_items_present_or_absent/mound,group_ve9cv03/group_qn6ym49[4]/Other_items_present_or_absent/obsidian,group_ve9cv03/group_qn6ym49[4]/Other_items_present_or_absent/petroglyph,group_ve9cv03/group_qn6ym49[4]/Other_items_present_or_absent/statue,group_ve9cv03/group_qn6ym49[4]/Other_items_present_or_absent/pathway,group_ve9cv03/group_qn6ym49[4]/Other_items_present_or_absent/bedrock_outcrop,group_ve9cv03/group_qn6ym49[4]/Other_items_present_or_absent/groundstone,group_ve9cv03/group_qn6ym49[4]/Other_items_present_or_absent/chipped_stone,group_ve9cv03/group_qn6ym49[4]/Other_items_present_or_absent/terrace,group_ve9cv03/group_qn6ym49[4]/Description_of_the_a_itional_item_present,group_ve9cv03/group_qn6ym49[4]/Other_items_present_or_absent/loose_stones,group_ve9cv03/group_qn6ym49[4]/Other_items_present_or_absent/wall,group_ve9cv03/group_qn6ym49[5]/Other_items_present_or_absent/ceramic,group_ve9cv03/group_qn6ym49[5]/Other_items_present_or_absent/mortar,group_ve9cv03/group_qn6ym49[5]/Other_items_present_or_absent/mound,group_ve9cv03/group_qn6ym49[5]/Other_items_present_or_absent/obsidian,group_ve9cv03/group_qn6ym49[5]/Other_items_present_or_absent/petroglyph,group_ve9cv03/group_qn6ym49[5]/Other_items_present_or_absent/statue,group_ve9cv03/group_qn6ym49[5]/Other_items_present_or_absent/pathway,group_ve9cv03/group_qn6ym49[5]/Other_items_present_or_absent/bedrock_outcrop,group_ve9cv03/group_qn6ym49[5]/Other_items_present_or_absent/groundstone,group_ve9cv03/group_qn6ym49[5]/Other_items_present_or_absent/chipped_stone,group_ve9cv03/group_qn6ym49[5]/Other_items_present_or_absent/terrace,group_ve9cv03/group_qn6ym49[5]/Description_of_the_a_itional_item_present,group_ve9cv03/group_qn6ym49[5]/Other_items_present_or_absent/loose_stones,group_ve9cv03/group_qn6ym49[5]/Other_items_present_or_absent/wall,group_ve9cv03/Site_type/agricultural__agr_cola,group_ve9cv03/Site_type/housing__habitacional,group_ve9cv03/Site_type/isolated_trait__rasgo_aislao,group_ve9cv03/Site_type/mortuary__mortuorio,group_ve9cv03/Site_type/workshop__taller,group_ve9cv03/Site_type/garbage_collector__basurero,group_ve9cv03/Site_type/no_id__no_identificado_otro,group_ve9cv03/Current_use/pasture__pasto,group_ve9cv03/Current_use/residential__residencial,group_ve9cv03/Current_use/residential_not_used__no_utilizado,group_ve9cv03/Current_use/cemetary__cemetario,group_ve9cv03/Current_use/agriculture__agricultura,group_ve9cv03/Current_use/felling__tala,group_ve9cv03/Current_use/path__camino,group_ve9cv03/Current_use/other__otro,group_ve9cv03/Current_vegetation/trees__rboles,group_ve9cv03/Current_vegetation/shrubbery__arbustos,group_ve9cv03/Current_vegetation/grassland__pastizales,group_ve9cv03/Current_vegetation/low_vegetation__poca_vegetaci_n,group_ve9cv03/Conservation/intact,group_ve9cv03/Conservation/moderately_disturbed,group_ve9cv03/Conservation/very_disturbed,group_ve9cv03/Anthropological_disturbance/close__cerca,group_ve9cv03/Anthropological_disturbance/path__camino,group_ve9cv03/Anthropological_disturbance/construction__construcci_n,group_ve9cv03/Anthropological_disturbance/_agricultura,group_ve9cv03/Anthropological_disturbance/_saqueo,group_ve9cv03/Anthropological_disturbance/_quemando,group_ve9cv03/Anthropological_disturbance/felling__tala,group_ve9cv03/Anthropological_disturbance/other__otro,group_ve9cv03/Non_human_disturbance/vegetaci_n,group_ve9cv03/Non_human_disturbance/madrigueras_de_animales,group_ve9cv03/Non_human_disturbance/pisoteo_de_animales,group_ve9cv03/Non_human_disturbance/actividad_de_insectos,group_ve9cv03/Non_human_disturbance/erosi_n,group_ve9cv03/Non_human_disturbance/inundaci_n,group_ve9cv03/Non_human_disturbance/otro,group_ve9cv03/Surface_soil/_arena,group_ve9cv03/Surface_soil/_limo,group_ve9cv03/Surface_soil/_arcilla,group_ve9cv03/Surface_soil/_barro,group_ve9cv03/Surface_soil/_mezcla,group_ve9cv03/Local_soil_name,group_ve9cv03/Ground_visibility/low,group_ve9cv03/Ground_visibility/medium,group_ve9cv03/Ground_visibility/high,group_ve9cv03/Parallel_visibility/low,group_ve9cv03/Parallel_visibility/medium,group_ve9cv03/Parallel_visibility/high,group_ap6sf60/Length,group_ap6sf60/Width,group_ap6sf60/Maximum_height,group_ap6sf60/Conservation_001/undisturbed,group_ap6sf60/Conservation_001/moderately_disturbed,group_ap6sf60/Conservation_001/very_disturbed,group_ap6sf60/Anthropological_disturbance_001/close__cerca,group_ap6sf60/Anthropological_disturbance_001/path__camino,group_ap6sf60/Anthropological_disturbance_001/construction__construcci_n,group_ap6sf60/Anthropological_disturbance_001/_agricultura,group_ap6sf60/Anthropological_disturbance_001/_saqueo,group_ap6sf60/Anthropological_disturbance_001/_quemando,group_ap6sf60/Anthropological_disturbance_001/felling__tala,group_ap6sf60/Anthropological_disturbance_001/other__otro,group_ap6sf60/Non_human_disturbance_001/vegetaci_n,group_ap6sf60/Non_human_disturbance_001/madrigueras_de_animales,group_ap6sf60/Non_human_disturbance_001/pisoteo_de_animales,group_ap6sf60/Non_human_disturbance_001/actividad_de_insectos,group_ap6sf60/Non_human_disturbance_001/erosi_n,group_ap6sf60/Non_human_disturbance_001/inundaci_n,group_ap6sf60/Non_human_disturbance_001/otro,group_ap6sf60/Rock_Type,group_ap6sf60/Bedrock_outcrop,group_ap6sf60/Mound_Association,group_dy8ma60/Mound_shape/circle__c_rculo,group_dy8ma60/Mound_shape/oval__oval,group_dy8ma60/Mound_shape/square__cuadrado,group_dy8ma60/Mound_shape/rectangle__rect_ngulo,group_dy8ma60/Mound_shape/semicircle__semic_rculo,group_dy8ma60/Mound_top/rounded,group_dy8ma60/Mound_top/flat,group_dy8ma60/Mound_slopes/uniform,group_dy8ma60/Mound_slopes/irregular,group_dy8ma60/Length_001,group_dy8ma60/Width_001,group_dy8ma60/Maximum_height_001,group_dy8ma60/Minimum_height,group_dy8ma60/Adjusted_to_landscape_feature/_llanura_aluvial,group_dy8ma60/Adjusted_to_landscape_feature/_pendiente,group_dy8ma60/Adjusted_to_landscape_feature/_cima,group_dy8ma60/Adjusted_to_landscape_feature/_falda,group_dy8ma60/Adjusted_to_landscape_feature/_ribera,group_dy8ma60/Adjusted_to_landscape_feature/_tierra_baja,group_dy8ma60/Adjusted_to_landscape_feature/_costa,group_dy8ma60/Adjusted_to_landscape_feature/other__otro,group_dy8ma60/Conservation_002/undisturbed,group_dy8ma60/Conservation_002/moderately_disturbed,group_dy8ma60/Conservation_002/very_disturbed,group_dy8ma60/Anthropological_disturbance_002/close__cerca,group_dy8ma60/Anthropological_disturbance_002/path__camino,group_dy8ma60/Anthropological_disturbance_002/construction__construcci_n,group_dy8ma60/Anthropological_disturbance_002/_agricultura,group_dy8ma60/Anthropological_disturbance_002/_saqueo,group_dy8ma60/Anthropological_disturbance_002/_quemando,group_dy8ma60/Anthropological_disturbance_002/felling__tala,group_dy8ma60/Anthropological_disturbance_002/other__otro,group_dy8ma60/Non_human_disturbance_002/vegetaci_n,group_dy8ma60/Non_human_disturbance_002/madrigueras_de_animales,group_dy8ma60/Non_human_disturbance_002/pisoteo_de_animales,group_dy8ma60/Non_human_disturbance_002/actividad_de_insectos,group_dy8ma60/Non_human_disturbance_002/erosi_n,group_dy8ma60/Non_human_disturbance_002/inundaci_n,group_dy8ma60/Non_human_disturbance_002/otro,group_dy8ma60/Rock_type_001,group_dy8ma60/Bedrock_outcrop_001,group_dy8ma60/Mound_association_001,group_du78m73/Amount,group_du78m73/Rock_type_002,group_du78m73/Extent_of_scatter,group_vm75p90/Amount_001,group_vm75p90/Color,group_vm75p90/Rock_type_003,group_vm75p90/Extent_of_scatter_001,group_ni8nm64/Amount_002,group_ni8nm64/Color_001,group_ni8nm64/Incisions,group_ni8nm64/Polychromes,group_ni8nm64/Extent_of_scatter_002,group_bl1nk04/Common_name,group_bl1nk04/Scientific_name,group_bl1nk04/Associated_species,group_so2xl46/Common_name_001,group_so2xl46/Scientific_name_001,group_so2xl46/Associated_species_001,group_sj61b88/What_did_you_find_001,group_qk9bw75[1]/Photo_1,group_qk9bw75[1]/Caption,group_qk9bw75[2]/Photo_1,group_qk9bw75[2]/Caption,__version__,meta/instanceID,group_ve9cv03/group_qn6ym49/Other_items_present_or_absent/ceramic,group_ve9cv03/group_qn6ym49/Other_items_present_or_absent/chipped_stone,group_ve9cv03/group_qn6ym49/Other_items_present_or_absent/groundstone,group_ve9cv03/group_qn6ym49/Other_items_present_or_absent/obsidian,group_ve9cv03/group_qn6ym49/Other_items_present_or_absent/mortar,group_ve9cv03/group_qn6ym49/Other_items_present_or_absent/mound,group_ve9cv03/group_qn6ym49/Other_items_present_or_absent/pathway,group_ve9cv03/group_qn6ym49/Other_items_present_or_absent/petroglyph,group_ve9cv03/group_qn6ym49/Other_items_present_or_absent/statue,group_ve9cv03/group_qn6ym49/Other_items_present_or_absent/terrace,group_ve9cv03/group_qn6ym49/Other_items_present_or_absent/wall,group_ve9cv03/group_qn6ym49/Other_items_present_or_absent/bedrock_outcrop,group_ve9cv03/group_qn6ym49/Other_items_present_or_absent/loose_stones,_uuid,_submission_time,_tags,_notes,_validation_status
2021-04-09T21:28:36.180-05:00,2021-04-09T21:31:20.229-05:00,username not found,ee.kobotoolbox.org:UFnfJDnPeCoEdatL,2019-07-16T15:08:00.000-05:00,Lucy Gill,2019-07-16T15:08:00.000-05:00,Lucy Gill,8.268792 -78.149254 0 0,8.268792,-78.149254,0,0,23,Quebrada Cañá only that does not dry out except Quebrada Lucas,False,False,False,False,False,False,False,False,True,n/a,n/a,n/a,n/a,n/a,n/a,n/a,n/a,n/a,n/a,n/a,n/a,n/a,n/a,n/a,n/a,n/a,n/a,n/a,n/a,n/a,n/a,n/a,n/a,n/a,n/a,n/a,n/a,n/a,n/a,n/a,n/a,n/a,n/a,n/a,n/a,n/a,n/a,n/a,n/a,n/a,n/a,n/a,n/a,n/a,n/a,n/a,n/a,n/a,n/a,n/a,n/a,n/a,n/a,n/a,n/a,n/a,n/a,n/a,n/a,n/a,n/a,n/a,n/a,n/a,n/a,n/a,n/a,n/a,n/a,n/a,n/a,n/a,n/a,n/a,n/a,n/a,n/a,n/a,n/a,n/a,n/a,n/a,n/a,n/a,n/a,n/a,n/a,n/a,n/a,n/a,n/a,n/a,n/a,n/a,n/a,n/a,n/a,n/a,n/a,n/a,n/a,n/a,n/a,n/a,n/a,n/a,n/a,n/a,n/a,n/a,n/a,n/a,n/a,n/a,n/a,n/a,n/a,n/a,n/a,n/a,n/a,n/a,n/a,n/a,n/a,n/a,n/a,n/a,n/a,n/a,n/a,n/a,n/a,n/a,n/a,n/a,n/a,n/a,n/a,n/a,n/a,n/a,n/a,n/a,n/a,n/a,n/a,n/a,n/a,n/a,n/a,n/a,n/a,n/a,n/a,n/a,n/a,n/a,n/a,n/a,n/a,n/a,n/a,n/a,n/a,n/a,n/a,n/a,n/a,n/a,n/a,n/a,n/a,n/a,n/a,n/a,n/a,n/a,n/a,n/a,n/a,n/a,n/a,n/a,n/a,n/a,n/a,n/a,n/a,n/a,n/a,n/a,n/a,n/a,n/a,n/a,n/a,n/a,n/a,n/a,n/a,n/a,n/a,waterway,attachment1-13-21_29_37.jpg,Waterway,n/a,n/a,vzAjXjZV9BSqJTskS6XFB9,uuid:ae502aa1-24b9-4645-a371-d99812a621d0,n/a,n/a,n/a,n/a,n/a,n/a,n/a,n/a,n/a,n/a,n/a,n/a,n/a,ae502aa1-24b9-4645-a371-d99812a621d0,2021-04-10T02:31:30,,,{}
2021-04-09T21:19:42.499-05:00,2021-04-09T21:28:36.112-05:00,username not found,ee.kobotoolbox.org:UFnfJDnPeCoEdatL,2019-07-16T15:08:00.000-05:00,Lucy Gill,2019-07-16T15:08:00.000-05:00,Lucy Gill,8.284148 -78.043596 0 0,8.284148,-78.043596,0,0,4,Historic (late 19th/early 20th c). Near old school -- probably was unearthed in construction.,False,False,False,False,False,True,False,False,False,n/a,n/a,n/a,n/a,n/a,n/a,n/a,n/a,n/a,n/a,n/a,n/a,n/a,n/a,n/a,n/a,n/a,n/a,n/a,n/a,n/a,n/a,n/a,n/a,n/a,n/a,n/a,n/a,n/a,n/a,n/a,n/a,n/a,n/a,n/a,n/a,n/a,n/a,n/a,n/a,n/a,n/a,n/a,n/a,n/a,n/a,n/a,n/a,n/a,n/a,n/a,n/a,n/a,n/a,n/a,n/a,n/a,n/a,n/a,n/a,n/a,n/a,n/a,n/a,n/a,n/a,n/a,n/a,n/a,n/a,n/a,n/a,n/a,n/a,n/a,n/a,n/a,n/a,n/a,n/a,n/a,n/a,n/a,n/a,n/a,n/a,n/a,n/a,n/a,n/a,n/a,n/a,n/a,n/a,n/a,n/a,n/a,n/a,n/a,n/a,n/a,n/a,n/a,n/a,n/a,n/a,n/a,n/a,n/a,n/a,n/a,n/a,n/a,n/a,n/a,n/a,n/a,n/a,n/a,n/a,n/a,n/a,n/a,n/a,n/a,n/a,n/a,n/a,n/a,n/a,n/a,n/a,n/a,n/a,n/a,n/a,n/a,n/a,n/a,n/a,n/a,n/a,n/a,n/a,n/a,n/a,n/a,n/a,n/a,n/a,n/a,n/a,n/a,n/a,n/a,n/a,n/a,n/a,n/a,n/a,n/a,n/a,n/a,n/a,n/a,n/a,n/a,n/a,n/a,n/a,n/a,n/a,n/a,n/a,n/a,n/a,n/a,n/a,n/a,n/a,n/a,n/a,n/a,n/a,n/a,n/a,n/a,n/a,n/a,n/a,n/a,n/a,n/a,n/a,n/a,absent,present,n/a,n/a,n/a,n/a,n/a,n/a,n/a,n/a,attachment1-12-21_26_41.jpg,Ceramic piece,n/a,n/a,vzAjXjZV9BSqJTskS6XFB9,uuid:33d61577-df62-4388-8720-45952d62f1ae,n/a,n/a,n/a,n/a,n/a,n/a,n/a,n/a,n/a,n/a,n/a,n/a,n/a,33d61577-df62-4388-8720-45952d62f1ae,2021-04-10T02:28:46,,,{}
2021-04-09T21:16:23.506-05:00,2021-04-09T21:19:42.434-05:00,username not found,ee.kobotoolbox.org:UFnfJDnPeCoEdatL,2019-07-16T15:08:00.000-05:00,Lucy Gill,2019-07-16T15:08:00.000-05:00,Lucy Gill,8.11111 -77.735518 0 0,8.11111,-77.735518,0,0,37,Cañon,False,False,False,False,False,False,False,False,True,n/a,n/a,n/a,n/a,n/a,n/a,n/a,n/a,n/a,n/a,n/a,n/a,n/a,n/a,n/a,n/a,n/a,n/a,n/a,n/a,n/a,n/a,n/a,n/a,n/a,n/a,n/a,n/a,n/a,n/a,n/a,n/a,n/a,n/a,n/a,n/a,n/a,n/a,n/a,n/a,n/a,n/a,n/a,n/a,n/a,n/a,n/a,n/a,n/a,n/a,n/a,n/a,n/a,n/a,n/a,n/a,n/a,n/a,n/a,n/a,n/a,n/a,n/a,n/a,n/a,n/a,n/a,n/a,n/a,n/a,n/a,n/a,n/a,n/a,n/a,n/a,n/a,n/a,n/a,n/a,n/a,n/a,n/a,n/a,n/a,n/a,n/a,n/a,n/a,n/a,n/a,n/a,n/a,n/a,n/a,n/a,n/a,n/a,n/a,n/a,n/a,n/a,n/a,n/a,n/a,n/a,n/a,n/a,n/a,n/a,n/a,n/a,n/a,n/a,n/a,n/a,n/a,n/a,n/a,n/a,n/a,n/a,n/a,n/a,n/a,n/a,n/a,n/a,n/a,n/a,n/a,n/a,n/a,n/a,n/a,n/a,n/a,n/a,n/a,n/a,n/a,n/a,n/a,n/a,n/a,n/a,n/a,n/a,n/a,n/a,n/a,n/a,n/a,n/a,n/a,n/a,n/a,n/a,n/a,n/a,n/a,n/a,n/a,n/a,n/a,n/a,n/a,n/a,n/a,n/a,n/a,n/a,n/a,n/a,n/a,n/a,n/a,n/a,n/a,n/a,n/a,n/a,n/a,n/a,n/a,n/a,n/a,n/a,n/a,n/a,n/a,n/a,n/a,n/a,n/a,n/a,n/a,n/a,n/a,n/a,n/a,n/a,n/a,n/a,Cañon,attachment1-11-21_18_45.jpg,Cañon,n/a,n/a,vzAjXjZV9BSqJTskS6XFB9,uuid:229f9e2e-2660-4db5-a428-546a8343d78f,n/a,n/a,n/a,n/a,n/a,n/a,n/a,n/a,n/a,n/a,n/a,n/a,n/a,229f9e2e-2660-4db5-a428-546a8343d78f,2021-04-10T02:19:53,,,{}
2021-04-09T21:11:31.283-05:00,2021-04-09T21:16:23.442-05:00,username not found,ee.kobotoolbox.org:UFnfJDnPeCoEdatL,2019-07-16T15:08:00.000-05:00,Lucy Gill,2019-07-16T15:08:00.000-05:00,Lucy Gill,8.310707 -78.122819 0 0,8.310707,-78.122819,0,0,Terrazza,"Object ID 15, Soil underneath = reddish brown but soil above = brownish black (tierra negra, seems like barrial -- cracks when it is dry). Wider from 4th terrace on. 16 terraces, heights are variable. soil is way more reddish at the top. some are disturbed from modern human and cow trampling. Irregular top -- terrace before coming down again. NW side slopes down gradually but only 4 steps. Really terraced part (SE) discharges into stream (where you get the most water). First samples taken from between terraces 6 and 7 (horizontal tubes T7 and T8). Terrace 7 width =80cm, terrace 6 width =60cm, depth between them =140cm.",True,False,False,False,False,False,False,False,False,n/a,False,False,True,False,False,False,False,False,False,False,False,Mound,False,False,False,False,False,False,False,False,False,False,False,False,True,Terrace,False,False,n/a,n/a,n/a,n/a,n/a,n/a,n/a,n/a,n/a,n/a,n/a,n/a,n/a,n/a,n/a,n/a,n/a,n/a,n/a,n/a,n/a,n/a,n/a,n/a,n/a,n/a,n/a,n/a,n/a,n/a,n/a,n/a,n/a,n/a,n/a,n/a,n/a,n/a,n/a,n/a,n/a,n/a,True,False,False,False,False,False,False,True,False,False,False,False,False,False,False,False,False,True,False,False,True,False,False,False,False,True,False,False,False,False,False,False,True,False,False,False,False,False,True,False,False,False,n/a,True,False,False,False,False,True,n/a,n/a,n/a,n/a,n/a,n/a,n/a,n/a,n/a,n/a,n/a,n/a,n/a,n/a,n/a,n/a,n/a,n/a,n/a,n/a,n/a,n/a,n/a,n/a,n/a,n/a,n/a,n/a,n/a,n/a,n/a,n/a,n/a,n/a,n/a,n/a,n/a,n/a,n/a,n/a,n/a,n/a,n/a,n/a,n/a,n/a,n/a,n/a,n/a,n/a,n/a,n/a,n/a,n/a,n/a,n/a,n/a,n/a,n/a,n/a,n/a,n/a,n/a,n/a,n/a,n/a,n/a,n/a,n/a,n/a,n/a,n/a,n/a,n/a,n/a,n/a,n/a,n/a,n/a,n/a,n/a,n/a,n/a,n/a,n/a,attachment1-10-21_14_50.jpg,n/a,n/a,n/a,vzAjXjZV9BSqJTskS6XFB9,uuid:900b4d7b-ff86-4901-b4a2-70db15ce294e,n/a,n/a,n/a,n/a,n/a,n/a,n/a,n/a,n/a,n/a,n/a,n/a,n/a,900b4d7b-ff86-4901-b4a2-70db15ce294e,2021-04-10T02:16:34,,,{}
2021-04-09T21:08:11.077-05:00,2021-04-09T21:11:31.216-05:00,username not found,ee.kobotoolbox.org:UFnfJDnPeCoEdatL,2019-07-16T15:08:00.000-05:00,Lucy Gill,2019-07-16T15:08:00.000-05:00,Lucy Gill,8.27577 -78.151028 0 0,8.27577,-78.151028,0,0,6,n/a,False,False,False,False,False,True,False,False,False,n/a,n/a,n/a,n/a,n/a,n/a,n/a,n/a,n/a,n/a,n/a,n/a,n/a,n/a,n/a,n/a,n/a,n/a,n/a,n/a,n/a,n/a,n/a,n/a,n/a,n/a,n/a,n/a,n/a,n/a,n/a,n/a,n/a,n/a,n/a,n/a,n/a,n/a,n/a,n/a,n/a,n/a,n/a,n/a,n/a,n/a,n/a,n/a,n/a,n/a,n/a,n/a,n/a,n/a,n/a,n/a,n/a,n/a,n/a,n/a,n/a,n/a,n/a,n/a,n/a,n/a,n/a,n/a,n/a,n/a,n/a,n/a,n/a,n/a,n/a,n/a,n/a,n/a,n/a,n/a,n/a,n/a,n/a,n/a,n/a,n/a,n/a,n/a,n/a,n/a,n/a,n/a,n/a,n/a,n/a,n/a,n/a,n/a,n/a,n/a,n/a,n/a,n/a,n/a,n/a,n/a,n/a,n/a,n/a,n/a,n/a,n/a,n/a,n/a,n/a,n/a,n/a,n/a,n/a,n/a,n/a,n/a,n/a,n/a,n/a,n/a,n/a,n/a,n/a,n/a,n/a,n/a,n/a,n/a,n/a,n/a,n/a,n/a,n/a,n/a,n/a,n/a,n/a,n/a,n/a,n/a,n/a,n/a,n/a,n/a,n/a,n/a,n/a,n/a,n/a,n/a,n/a,n/a,n/a,n/a,n/a,n/a,n/a,n/a,n/a,n/a,n/a,n/a,n/a,n/a,n/a,n/a,n/a,n/a,n/a,n/a,n/a,n/a,n/a,n/a,n/a,n/a,n/a,n/a,n/a,n/a,n/a,n/a,n/a,n/a,n/a,n/a,n/a,n/a,n/a,absent,absent,n/a,n/a,n/a,n/a,n/a,n/a,n/a,n/a,attachment1-9-21_9_45.jpg,Site of ceramic discovery.,n/a,n/a,vzAjXjZV9BSqJTskS6XFB9,uuid:ab1a83bb-57fe-4485-85ad-2e86c35fdbf9,n/a,n/a,n/a,n/a,n/a,n/a,n/a,n/a,n/a,n/a,n/a,n/a,n/a,ab1a83bb-57fe-4485-85ad-2e86c35fdbf9,2021-04-10T02:11:41,,,{}
2021-04-09T21:05:04.321-05:00,2021-04-09T21:08:11.021-05:00,username not found,ee.kobotoolbox.org:UFnfJDnPeCoEdatL,2019-07-16T15:08:00.000-05:00,Lucy Gill,2019-07-16T15:08:00.000-05:00,Lucy Gill,8.264503 -78.181473 0 0,8.264503,-78.181473,0,0,28,tierra firme,False,False,False,False,False,False,False,False,True,n/a,n/a,n/a,n/a,n/a,n/a,n/a,n/a,n/a,n/a,n/a,n/a,n/a,n/a,n/a,n/a,n/a,n/a,n/a,n/a,n/a,n/a,n/a,n/a,n/a,n/a,n/a,n/a,n/a,n/a,n/a,n/a,n/a,n/a,n/a,n/a,n/a,n/a,n/a,n/a,n/a,n/a,n/a,n/a,n/a,n/a,n/a,n/a,n/a,n/a,n/a,n/a,n/a,n/a,n/a,n/a,n/a,n/a,n/a,n/a,n/a,n/a,n/a,n/a,n/a,n/a,n/a,n/a,n/a,n/a,n/a,n/a,n/a,n/a,n/a,n/a,n/a,n/a,n/a,n/a,n/a,n/a,n/a,n/a,n/a,n/a,n/a,n/a,n/a,n/a,n/a,n/a,n/a,n/a,n/a,n/a,n/a,n/a,n/a,n/a,n/a,n/a,n/a,n/a,n/a,n/a,n/a,n/a,n/a,n/a,n/a,n/a,n/a,n/a,n/a,n/a,n/a,n/a,n/a,n/a,n/a,n/a,n/a,n/a,n/a,n/a,n/a,n/a,n/a,n/a,n/a,n/a,n/a,n/a,n/a,n/a,n/a,n/a,n/a,n/a,n/a,n/a,n/a,n/a,n/a,n/a,n/a,n/a,n/a,n/a,n/a,n/a,n/a,n/a,n/a,n/a,n/a,n/a,n/a,n/a,n/a,n/a,n/a,n/a,n/a,n/a,n/a,n/a,n/a,n/a,n/a,n/a,n/a,n/a,n/a,n/a,n/a,n/a,n/a,n/a,n/a,n/a,n/a,n/a,n/a,n/a,n/a,n/a,n/a,n/a,n/a,n/a,n/a,n/a,n/a,n/a,n/a,n/a,n/a,n/a,n/a,n/a,n/a,n/a,Waterway near land,attachment1-8-21_7_15.jpg,Waterway near land,n/a,n/a,vzAjXjZV9BSqJTskS6XFB9,uuid:3a69ff86-11c4-482a-a6ba-f78563b0db25,n/a,n/a,n/a,n/a,n/a,n/a,n/a,n/a,n/a,n/a,n/a,n/a,n/a,3a69ff86-11c4-482a-a6ba-f78563b0db25,2021-04-10T02:08:21,,,{}
2021-04-09T21:00:38.627-05:00,2021-04-09T21:05:04.264-05:00,username not found,ee.kobotoolbox.org:UFnfJDnPeCoEdatL,2019-07-16T15:08:00.000-05:00,Lucy Gill,2019-07-16T15:08:00.000-05:00,Lucy Gill,8.287543 -78.27808 0 0,8.287543,-78.27808,0,0,29,Punta Barro Colorado,False,True,False,False,False,False,False,False,False,n/a,n/a,n/a,n/a,n/a,n/a,n/a,n/a,n/a,n/a,n/a,n/a,n/a,n/a,n/a,n/a,n/a,n/a,n/a,n/a,n/a,n/a,n/a,n/a,n/a,n/a,n/a,n/a,n/a,n/a,n/a,n/a,n/a,n/a,n/a,n/a,n/a,n/a,n/a,n/a,n/a,n/a,n/a,n/a,n/a,n/a,n/a,n/a,n/a,n/a,n/a,n/a,n/a,n/a,n/a,n/a,n/a,n/a,n/a,n/a,n/a,n/a,n/a,n/a,n/a,n/a,n/a,n/a,n/a,n/a,n/a,n/a,n/a,n/a,n/a,n/a,n/a,n/a,n/a,n/a,n/a,n/a,n/a,n/a,n/a,n/a,n/a,n/a,n/a,n/a,n/a,n/a,n/a,n/a,n/a,n/a,n/a,n/a,n/a,n/a,n/a,n/a,n/a,n/a,n/a,n/a,n/a,n/a,n/a,n/a,n/a,n/a,n/a,n/a,n/a,n/a,n/a,n/a,n/a,n/a,n/a,n/a,n/a,n/a,n/a,n/a,n/a,n/a,n/a,n/a,n/a,n/a,n/a,n/a,n/a,n/a,n/a,n/a,n/a,n/a,n/a,n/a,n/a,n/a,False,False,False,True,False,n/a,n/a,False,True,n/a,n/a,n/a,n/a,False,False,False,False,True,False,False,False,n/a,n/a,n/a,n/a,n/a,n/a,n/a,n/a,n/a,n/a,n/a,True,False,False,False,False,False,False,n/a,n/a,n/a,n/a,n/a,n/a,n/a,n/a,n/a,n/a,n/a,n/a,n/a,n/a,n/a,n/a,n/a,n/a,n/a,n/a,n/a,n/a,attachment1-7-21_2_2.jpg,Mound near waterway,n/a,n/a,vzAjXjZV9BSqJTskS6XFB9,uuid:9f1a284b-b2d9-4fc5-8977-6d458bade398,n/a,n/a,n/a,n/a,n/a,n/a,n/a,n/a,n/a,n/a,n/a,n/a,n/a,9f1a284b-b2d9-4fc5-8977-6d458bade398,2021-04-10T02:05:15,,,{}
2021-04-09T20:56:27.231-05:00,2021-04-09T21:00:38.560-05:00,username not found,ee.kobotoolbox.org:UFnfJDnPeCoEdatL,2019-07-16T15:08:00.000-05:00,Lucy Gill,2019-07-16T15:08:00.000-05:00,Lucy Gill,8.061485 -78.359272 0 0,8.061485,-78.359272,0,0,33,"Old woman told us she looted human bones and ceramic from here, was probably a cemetery. was looking for gold. Shells also seem older (combination of small purple shells and larger trumpet conches)",False,False,False,True,False,False,False,False,False,n/a,n/a,n/a,n/a,n/a,n/a,n/a,n/a,n/a,n/a,n/a,n/a,n/a,n/a,n/a,n/a,n/a,n/a,n/a,n/a,n/a,n/a,n/a,n/a,n/a,n/a,n/a,n/a,n/a,n/a,n/a,n/a,n/a,n/a,n/a,n/a,n/a,n/a,n/a,n/a,n/a,n/a,n/a,n/a,n/a,n/a,n/a,n/a,n/a,n/a,n/a,n/a,n/a,n/a,n/a,n/a,n/a,n/a,n/a,n/a,n/a,n/a,n/a,n/a,n/a,n/a,n/a,n/a,n/a,n/a,n/a,n/a,n/a,n/a,n/a,n/a,n/a,n/a,n/a,n/a,n/a,n/a,n/a,n/a,n/a,n/a,n/a,n/a,n/a,n/a,n/a,n/a,n/a,n/a,n/a,n/a,n/a,n/a,n/a,n/a,n/a,n/a,n/a,n/a,n/a,n/a,n/a,n/a,n/a,n/a,n/a,n/a,n/a,n/a,n/a,n/a,n/a,n/a,n/a,n/a,n/a,n/a,n/a,n/a,n/a,n/a,n/a,n/a,n/a,n/a,n/a,n/a,n/a,n/a,n/a,n/a,n/a,n/a,n/a,n/a,n/a,n/a,n/a,n/a,n/a,n/a,n/a,n/a,n/a,n/a,n/a,n/a,n/a,n/a,n/a,n/a,n/a,n/a,n/a,n/a,n/a,n/a,n/a,n/a,n/a,n/a,n/a,n/a,n/a,n/a,n/a,n/a,n/a,n/a,n/a,n/a,n/a,n/a,n/a,n/a,n/a,n/a,n/a,n/a,n/a,n/a,n/a,Rocks and shells,n/a,n/a,n/a,n/a,n/a,n/a,n/a,n/a,n/a,n/a,n/a,n/a,n/a,n/a,n/a,n/a,n/a,attachment1-6-20_58_53.jpg,Rocks and shells,n/a,n/a,vzAjXjZV9BSqJTskS6XFB9,uuid:f5f3d592-766f-4d23-910d-814a376c6473,n/a,n/a,n/a,n/a,n/a,n/a,n/a,n/a,n/a,n/a,n/a,n/a,n/a,f5f3d592-766f-4d23-910d-814a376c6473,2021-04-10T02:05:15,,,{}
2021-04-09T20:45:18.979-05:00,2021-04-09T20:56:27.137-05:00,username not found,ee.kobotoolbox.org:UFnfJDnPeCoEdatL,2019-07-01T15:16:00.000-05:00,Lucy Gill,2019-07-16T15:08:00.000-05:00,Lucy Gill,n/a,n/a,n/a,n/a,n/a,Ch6?,"object ID 13, Sediment is clayey silt. Is a shell mound very nearby, took sample. Next to a modern house but woman says it is not modern.",True,False,False,False,False,False,False,False,False,n/a,True,False,False,False,False,False,False,False,False,False,False,ceramic,False,False,False,False,False,False,False,False,False,False,True,False,False,Shell mound,False,False,False,False,True,False,False,False,False,False,False,False,False,shells,False,False,False,False,False,False,False,False,True,False,False,False,False,path made of shells,False,False,False,False,False,False,False,False,False,False,False,False,False,loose stones,True,False,False,False,False,False,False,False,True,False,False,False,False,True,False,False,False,False,False,True,False,False,False,True,True,False,False,False,False,False,False,False,True,False,False,False,False,False,False,False,True,True,False,False,n/a,False,True,False,False,True,False,n/a,n/a,n/a,n/a,n/a,n/a,n/a,n/a,n/a,n/a,n/a,n/a,n/a,n/a,n/a,n/a,n/a,n/a,n/a,n/a,n/a,n/a,n/a,n/a,n/a,n/a,n/a,n/a,n/a,n/a,n/a,n/a,n/a,n/a,n/a,n/a,n/a,n/a,n/a,n/a,n/a,n/a,n/a,n/a,n/a,n/a,n/a,n/a,n/a,n/a,n/a,n/a,n/a,n/a,n/a,n/a,n/a,n/a,n/a,n/a,n/a,n/a,n/a,n/a,n/a,n/a,n/a,n/a,n/a,n/a,n/a,n/a,n/a,n/a,n/a,n/a,n/a,n/a,n/a,n/a,n/a,n/a,n/a,n/a,n/a,attachment1-5-20_56_8.jpg,animal prints in soil,n/a,n/a,vzAjXjZV9BSqJTskS6XFB9,uuid:0c553e8c-f206-4e40-94fc-a560fc673149,n/a,n/a,n/a,n/a,n/a,n/a,n/a,n/a,n/a,n/a,n/a,n/a,n/a,0c553e8c-f206-4e40-94fc-a560fc673149,2021-04-10T01:56:38,,,{}
2021-04-09T20:40:10.644-05:00,2021-04-09T20:45:18.912-05:00,username not found,ee.kobotoolbox.org:UFnfJDnPeCoEdatL,2019-07-16T15:08:00.000-05:00,Lucy Gill,2019-07-16T15:08:00.000-05:00,Lucy Gill,8.258018 -78.309208 0 0,8.258018,-78.309208,0,0,31,Morro Patiño (isla),False,True,False,False,False,False,False,False,False,n/a,n/a,n/a,n/a,n/a,n/a,n/a,n/a,n/a,n/a,n/a,n/a,n/a,n/a,n/a,n/a,n/a,n/a,n/a,n/a,n/a,n/a,n/a,n/a,n/a,n/a,n/a,n/a,n/a,n/a,n/a,n/a,n/a,n/a,n/a,n/a,n/a,n/a,n/a,n/a,n/a,n/a,n/a,n/a,n/a,n/a,n/a,n/a,n/a,n/a,n/a,n/a,n/a,n/a,n/a,n/a,n/a,n/a,n/a,n/a,n/a,n/a,n/a,n/a,n/a,n/a,n/a,n/a,n/a,n/a,n/a,n/a,n/a,n/a,n/a,n/a,n/a,n/a,n/a,n/a,n/a,n/a,n/a,n/a,n/a,n/a,n/a,n/a,n/a,n/a,n/a,n/a,n/a,n/a,n/a,n/a,n/a,n/a,n/a,n/a,n/a,n/a,n/a,n/a,n/a,n/a,n/a,n/a,n/a,n/a,n/a,n/a,n/a,n/a,n/a,n/a,n/a,n/a,n/a,n/a,n/a,n/a,n/a,n/a,n/a,n/a,n/a,n/a,n/a,n/a,n/a,n/a,n/a,n/a,n/a,n/a,n/a,n/a,n/a,n/a,n/a,n/a,n/a,n/a,False,False,False,True,False,n/a,n/a,n/a,n/a,n/a,n/a,n/a,n/a,n/a,n/a,n/a,n/a,n/a,n/a,n/a,n/a,n/a,n/a,n/a,n/a,n/a,n/a,n/a,n/a,n/a,n/a,n/a,n/a,n/a,n/a,n/a,n/a,n/a,n/a,n/a,n/a,n/a,n/a,n/a,n/a,n/a,n/a,n/a,n/a,n/a,n/a,n/a,n/a,n/a,n/a,n/a,n/a,n/a,n/a,n/a,n/a,attachment1-4-20_43_57.jpg,Mound along waterway,n/a,n/a,vzAjXjZV9BSqJTskS6XFB9,uuid:65bcf26f-de77-4f8e-9f87-6630bc2bbbc4,n/a,n/a,n/a,n/a,n/a,n/a,n/a,n/a,n/a,n/a,n/a,n/a,n/a,65bcf26f-de77-4f8e-9f87-6630bc2bbbc4,2021-04-10T01:45:29,,,{}
2021-04-09T20:34:32.309-05:00,2021-04-09T20:40:10.602-05:00,username not found,ee.kobotoolbox.org:UFnfJDnPeCoEdatL,2019-07-16T15:08:00.000-05:00,Lucy Gill,2019-07-16T15:08:00.000-05:00,Lucy Gill,8.119214 -77.78982 0 0,8.119214,-77.78982,0,0,39,point of disembarkation Tuira 1,False,False,False,False,False,False,False,False,True,n/a,n/a,n/a,n/a,n/a,n/a,n/a,n/a,n/a,n/a,n/a,n/a,n/a,n/a,n/a,n/a,n/a,n/a,n/a,n/a,n/a,n/a,n/a,n/a,n/a,n/a,n/a,n/a,n/a,n/a,n/a,n/a,n/a,n/a,n/a,n/a,n/a,n/a,n/a,n/a,n/a,n/a,n/a,n/a,n/a,n/a,n/a,n/a,n/a,n/a,n/a,n/a,n/a,n/a,n/a,n/a,n/a,n/a,n/a,n/a,n/a,n/a,n/a,n/a,n/a,n/a,n/a,n/a,n/a,n/a,n/a,n/a,n/a,n/a,n/a,n/a,n/a,n/a,n/a,n/a,n/a,n/a,n/a,n/a,n/a,n/a,n/a,n/a,n/a,n/a,n/a,n/a,n/a,n/a,n/a,n/a,n/a,n/a,n/a,n/a,n/a,n/a,n/a,n/a,n/a,n/a,n/a,n/a,n/a,n/a,n/a,n/a,n/a,n/a,n/a,n/a,n/a,n/a,n/a,n/a,n/a,n/a,n/a,n/a,n/a,n/a,n/a,n/a,n/a,n/a,n/a,n/a,n/a,n/a,n/a,n/a,n/a,n/a,n/a,n/a,n/a,n/a,n/a,n/a,n/a,n/a,n/a,n/a,n/a,n/a,n/a,n/a,n/a,n/a,n/a,n/a,n/a,n/a,n/a,n/a,n/a,n/a,n/a,n/a,n/a,n/a,n/a,n/a,n/a,n/a,n/a,n/a,n/a,n/a,n/a,n/a,n/a,n/a,n/a,n/a,n/a,n/a,n/a,n/a,n/a,n/a,n/a,n/a,n/a,n/a,n/a,n/a,n/a,n/a,n/a,n/a,n/a,n/a,n/a,n/a,n/a,n/a,n/a,n/a,Point of disembarkation,attachment1-3-20_38_58.jpg,waterway at shore,n/a,n/a,vzAjXjZV9BSqJTskS6XFB9,uuid:40d4b0e7-7f2f-4d58-b3ce-f84a3b31f4a3,n/a,n/a,n/a,n/a,n/a,n/a,n/a,n/a,n/a,n/a,n/a,n/a,n/a,40d4b0e7-7f2f-4d58-b3ce-f84a3b31f4a3,2021-04-10T01:40:21,,,{}
2021-04-09T20:24:34.142-05:00,2021-04-09T20:34:32.268-05:00,username not found,ee.kobotoolbox.org:UFnfJDnPeCoEdatL,2019-07-16T15:08:00.000-05:00,Lucy Gill,2019-07-16T15:08:00.000-05:00,Lucy Gill,8.155511 -77.679805 0 0,8.155511,-77.679805,0,0,6,SBC1,True,False,False,False,False,False,False,False,False,n/a,n/a,n/a,n/a,n/a,n/a,n/a,n/a,n/a,n/a,n/a,n/a,n/a,n/a,n/a,n/a,n/a,n/a,n/a,n/a,n/a,n/a,n/a,n/a,n/a,n/a,n/a,n/a,n/a,n/a,n/a,n/a,n/a,n/a,n/a,n/a,n/a,n/a,n/a,n/a,n/a,n/a,n/a,n/a,n/a,n/a,n/a,n/a,n/a,n/a,n/a,n/a,n/a,n/a,n/a,n/a,n/a,n/a,n/a,n/a,n/a,n/a,n/a,n/a,n/a,n/a,n/a,n/a,n/a,n/a,n/a,n/a,n/a,n/a,n/a,n/a,n/a,n/a,False,True,False,False,False,False,False,False,True,False,False,False,False,False,True,False,True,False,False,False,False,False,False,n/a,n/a,n/a,n/a,n/a,n/a,n/a,n/a,n/a,n/a,n/a,n/a,n/a,n/a,n/a,n/a,n/a,n/a,n/a,n/a,n/a,n/a,n/a,n/a,n/a,n/a,n/a,n/a,n/a,n/a,n/a,n/a,n/a,n/a,n/a,n/a,n/a,n/a,n/a,n/a,n/a,n/a,n/a,n/a,n/a,n/a,n/a,n/a,n/a,n/a,n/a,n/a,n/a,n/a,n/a,n/a,n/a,n/a,n/a,n/a,n/a,n/a,n/a,n/a,n/a,n/a,n/a,n/a,n/a,n/a,n/a,n/a,n/a,n/a,n/a,n/a,n/a,n/a,n/a,n/a,n/a,n/a,n/a,n/a,n/a,n/a,n/a,n/a,n/a,n/a,n/a,n/a,n/a,n/a,n/a,n/a,n/a,n/a,n/a,n/a,n/a,n/a,n/a,n/a,attachment1-2-20_30_35.jpg,Residence,n/a,n/a,vzAjXjZV9BSqJTskS6XFB9,uuid:521e98e9-26d5-47f3-9702-c8549d3d7083,n/a,n/a,n/a,n/a,n/a,n/a,n/a,n/a,n/a,n/a,n/a,n/a,n/a,521e98e9-26d5-47f3-9702-c8549d3d7083,2021-04-10T01:34:42,,,{}
2021-04-09T20:11:16.626-05:00,2021-04-09T20:24:34.078-05:00,username not found,ee.kobotoolbox.org:UFnfJDnPeCoEdatL,2019-07-16T15:08:00.000-05:00,Lucy Gill,2019-07-16T15:08:00.000-05:00,Lucy Gill,8.155743 -77.690395 0 0,8.155743,-77.690395,0,0,Guerte de San Geronimo de Yaviza,"Fort is oriented to river -- 35 degrees NE? La provincia de Darien cuenta con Casas Fuertes, construidas por los españoles entre los años de 1760 a 1785, que estaban equipadas con cañones, protegidas por soldados y tenían como propósito repeler los ataques indígenas, de corsarios, filibusteros y piratas, quienes constantemente atacban las poblaciones ocupadas por España durante la época del Virreinato de Nueva Granada. Uno de los fuertes construidos por los españoles es el Fuerte San Geronimo de Yaviza (río Chucunaque), reconocido hoy día como Patrimonio Histórico de la Humanidad.",True,False,False,False,False,False,False,False,False,el pueblo de Yaviza,False,False,False,False,False,False,True,False,False,False,False,Pathway,False,False,False,False,False,False,False,False,False,False,False,False,False,Wall,False,True,False,False,False,False,False,False,False,False,False,False,False,Loose stones,True,False,n/a,n/a,n/a,n/a,n/a,n/a,n/a,n/a,n/a,n/a,n/a,n/a,n/a,n/a,n/a,n/a,n/a,n/a,n/a,n/a,n/a,n/a,n/a,n/a,n/a,n/a,n/a,n/a,False,False,False,False,False,False,True,False,False,True,False,False,False,False,False,False,False,False,True,True,False,False,False,False,True,False,False,False,False,False,False,False,False,False,True,False,False,False,True,False,False,False,n/a,False,False,True,False,False,True,n/a,n/a,n/a,n/a,n/a,n/a,n/a,n/a,n/a,n/a,n/a,n/a,n/a,n/a,n/a,n/a,n/a,n/a,n/a,n/a,n/a,n/a,n/a,n/a,n/a,n/a,n/a,n/a,n/a,n/a,n/a,n/a,n/a,n/a,n/a,n/a,n/a,n/a,n/a,n/a,n/a,n/a,n/a,n/a,n/a,n/a,n/a,n/a,n/a,n/a,n/a,n/a,n/a,n/a,n/a,n/a,n/a,n/a,n/a,n/a,n/a,n/a,n/a,n/a,n/a,n/a,n/a,n/a,n/a,n/a,n/a,n/a,n/a,n/a,n/a,n/a,n/a,n/a,n/a,n/a,n/a,n/a,n/a,n/a,n/a,attachment1-1-20_14_7.jpg,Fort,attachment2-1-20_14_19.jpg,Sign describing the fort,vzAjXjZV9BSqJTskS6XFB9,uuid:c503057a-52c4-4f8b-8969-bdbb1418179a,n/a,n/a,n/a,n/a,n/a,n/a,n/a,n/a,n/a,n/a,n/a,n/a,n/a,c503057a-52c4-4f8b-8969-bdbb1418179a,2021-04-10T01:26:16,,,{}
2021-04-09T09:25:41.041-05:00,2021-04-09T18:45:56.759-05:00,username not found,ee.kobotoolbox.org:UFnfJDnPeCoEdatL,2019-06-24T14:05:00.000-05:00,1503628_CAL,2019-07-16T15:08:00.000-05:00,1503628_CAL,8.164868 -77.643602 0 0,8.164868,-77.643602,0,0,n/a,n/a,True,False,False,False,False,False,False,False,False,n/a,False,False,False,False,False,False,False,False,False,True,False,Broken cemetery stones,False,False,n/a,n/a,n/a,n/a,n/a,n/a,n/a,n/a,n/a,n/a,n/a,n/a,n/a,n/a,n/a,n/a,n/a,n/a,n/a,n/a,n/a,n/a,n/a,n/a,n/a,n/a,n/a,n/a,n/a,n/a,n/a,n/a,n/a,n/a,n/a,n/a,n/a,n/a,n/a,n/a,n/a,n/a,n/a,n/a,n/a,n/a,n/a,n/a,n/a,n/a,n/a,n/a,n/a,n/a,n/a,n/a,False,False,False,True,False,False,False,False,False,False,False,True,False,False,False,False,True,False,False,False,True,False,False,False,False,True,False,False,False,False,True,False,False,False,False,False,False,False,True,False,False,False,n/a,True,False,False,True,False,False,n/a,n/a,n/a,n/a,n/a,n/a,n/a,n/a,n/a,n/a,n/a,n/a,n/a,n/a,n/a,n/a,n/a,n/a,n/a,n/a,n/a,n/a,n/a,n/a,n/a,n/a,n/a,n/a,n/a,n/a,n/a,n/a,n/a,n/a,n/a,n/a,n/a,n/a,n/a,n/a,n/a,n/a,n/a,n/a,n/a,n/a,n/a,n/a,n/a,n/a,n/a,n/a,n/a,n/a,n/a,n/a,n/a,n/a,n/a,n/a,n/a,n/a,n/a,n/a,n/a,n/a,n/a,n/a,n/a,n/a,n/a,n/a,n/a,n/a,n/a,n/a,n/a,n/a,n/a,n/a,n/a,n/a,n/a,n/a,n/a,attachment1-9_42_49.jpg,Cemetery stone,attachment2-9_43_4.jpg,Broken cemetery stones and markers,v4GkUttrcXwatsxJGyKzoa,uuid:29cdfe3d-edec-41f5-8a0c-398fc18d2f03,n/a,n/a,n/a,n/a,n/a,n/a,n/a,n/a,n/a,n/a,n/a,n/a,n/a,29cdfe3d-edec-41f5-8a0c-398fc18d2f03,2021-04-09T14:50:45,,,{}
